aa,pah,pss,ms,cc,ec
A,-0.59145974,-1.30209266,-0.7330651,1.5703918,-0.14550842
C,-1.34267179,0.46542300,-0.8620345,-1.0200786,-0.25516894
D,1.05015062,0.30242411,-3.6559147,-0.2590236,-3.24176791
E,1.35733226,-1.45275578,1.4766610,0.1129444,-0.83715681
F,-1.00610084,-0.59046634,1.8909687,-0.3966186,0.41194139
G,-0.38387987,1.65201497,1.3301017,1.0449765,2.06385566
H,0.33616543,-0.41662780,-1.6733690,-1.4738898,-0.07772917
I,-1.23936304,-0.54652238,2.1314349,0.3931618,0.81630366
K,1.83146558,-0.56109831,0.5332237,-0.2771101,1.64762794
L,-1.01895162,-0.98693471,-1.5046185,1.2658296,-0.91181195
M,-0.66312569,-1.52353917,2.2194787,-1.0047207,1.21181214
N,0.94535614,0.82846219,1.2991286,-0.1688162,0.93339498
P,0.18862522,2.08084151,-1.6283286,0.4207004,-1.39177378
Q,0.93056541,-0.17926549,-3.0048731,-0.5025910,-1.85303476
R,1.53754853,-0.05472897,1.5021086,0.4403185,2.89744417
S,-0.22788299,1.39869991,-4.7596375,0.6701745,-2.64747356
T,-0.03181782,0.32571153,2.2134612,0.9078985,1.31337035
V,-1.33661279,-0.27854634,-0.5440132,1.2419935,-1.26225362
W,-0.59533918,0.00907760,0.6719274,-2.1275244,-0.18358096
Y,0.25999617,0.82992312,3.0973596,-0.8380164,1.51150958